{
	"info" : {
		"elements" : {
			"element" :	[
				{
					"name" : "mavenGroupId",
					"description" : "Please enter a 'groupId'",
					"type" : "java.lang.String",
					"page" : 0,
					"required" : true,
				},
				{
					"name" : "si-template-standalone-simple-artifactId",
					"description" : "Please enter an 'artifactId'",
					"type" : "java.lang.String",
					"page" : 0,
					"required" : true,
				},
				{
					"name" : "mavenVersion",
					"description" : "Please enter a version e.g. '1.0.0.BUILD-SNAPSHOT'",
					"defaultValue": "1.0.0.BUILD-SNAPSHOT",
					"type" : "java.lang.String",
					"page" : 0,
					"required" : true,
				},
				{
					"name" : "topLevelPackage",
					"description" : "Please specify the top-level package e.g. com.mycompany.myapp",
					"type" : "java.lang.String",
					"page" : 0,
					"required" : true,
					"pattern" : "\\w+\\.\\w+(\\.\\w+)+",
					"replaceKind" : "topLevelPackage"
				}

			]
		},
		"topLevelPackage" : "stsorg.stsspringframework.stsintegration.mysubsystem",
		"projectName" : "si-template-project-name",
		"pages" : {
			"page" : [
				{
					"order" : 0,
					"description" : "Project Settings"
				}
			]
		}
	}
}
