<?xml version="1.0" encoding="UTF-8"?>
<beans xmlns="http://www.springframework.org/schema/beans"
	xmlns:xsi="http://www.w3.org/2001/XMLSchema-instance" xmlns:int="http://www.springframework.org/schema/integration"
	xmlns:int-file="http://www.springframework.org/schema/integration/file"
	xsi:schemaLocation="http://www.springframework.org/schema/beans
						https://www.springframework.org/schema/beans/spring-beans.xsd
						http://www.springframework.org/schema/integration
						https://www.springframework.org/schema/integration/spring-integration.xsd
						http://www.springframework.org/schema/integration/file
						https://www.springframework.org/schema/integration/file/spring-integration-file.xsd">

	<!-- See also: https://docs.spring.io/spring-integration/reference/html/#overview-endpoints-channeladapter
		https://www.enterpriseintegrationpatterns.com/patterns/messaging/ChannelAdapter.html -->
	<int-file:inbound-channel-adapter id="filesIn" directory="file:input">
		<int:poller id="poller" fixed-rate="5000" max-messages-per-poll="10" />
	</int-file:inbound-channel-adapter>

	<!-- See also: https://docs.spring.io/spring-integration/reference/html/#overview-endpoints-transformer
		https://www.enterpriseintegrationpatterns.com/patterns/messaging/MessageTranslator.html -->
	<int:transformer id="copyFiles" input-channel="filesIn"
		output-channel="routingChannel" ref="transformationHandler" method="handleFile" />

	<!-- See also: https://docs.spring.io/spring-integration/reference/html/#overview-components-channel
		https://www.enterpriseintegrationpatterns.com/patterns/messaging/MessageChannel.html -->
	<int:channel id="routingChannel">
		<int:interceptors>
			<int:wire-tap channel="loggingChannel" />
		</int:interceptors>
	</int:channel>

	<!-- See also: https://docs.spring.io/spring-integration/reference/html/#overview-endpoints-router
		https://www.enterpriseintegrationpatterns.com/patterns/messaging/MessageRouter.html -->
	<int:header-value-router id="fileTypeRouter"
		header-name="file_extension" input-channel="routingChannel"
		resolution-required="false" default-output-channel="otherFilesOut">
		<int:mapping value="csv" channel="csvFilesOut" />
		<int:mapping value="xml" channel="xmlFilesOut" />
	</int:header-value-router>

	<!-- See also: https://docs.spring.io/spring-integration/reference/html/#overview-endpoints-channeladapter
		https://www.enterpriseintegrationpatterns.com/patterns/messaging/ChannelAdapter.html -->
	<int-file:outbound-channel-adapter
		id="otherFilesOut" directory="file:target/output/other"
		delete-source-files="true" />

	<int-file:outbound-channel-adapter
		id="xmlFilesOut" directory="file:target/output/xml"
		delete-source-files="true" />

	<int-file:outbound-channel-adapter
		id="csvFilesOut" directory="file:target/output/csv"
		delete-source-files="true" />

	<int:logging-channel-adapter id="loggingChannel"
		expression="'Processing file: ' + headers.file_name + ' (' + headers.file_size + ' bytes) '" />

	<bean id="transformationHandler"
		class="sipackage.TransformationHandler" />

</beans>
