<?xml version="1.0" encoding="UTF-8"?>
<book xmlns="http://docbook.org/ns/docbook" version="5.0"
	xml:id="spring-integration-reference" xmlns:xi="http://www.w3.org/2001/XInclude"
	xmlns:xlink="http://www.w3.org/1999/xlink">
	<bookinfo>
		<title>Spring Integration SIAdapterUpperPrefix Adapter</title>
		<titleabbrev>SIAdapterUpperPrefix Adapter ${version}</titleabbrev>
		<productname>Spring Integration</productname>
		<releaseinfo>${version}</releaseinfo>

		<!-- TODO: this isn't showing up. -->
		<mediaobject>
			<imageobject role="fo">
				<imagedata fileref="images/logo.png" format="PNG" align="center" />
			</imageobject>
			<imageobject role="html">
				<imagedata fileref="images/logo.png" format="PNG" align="center" />
			</imageobject>
		</mediaobject>
		<!-- END TODO -->

		<authorgroup>
			<author><firstname>SI-TEMPLATE-AUTHOR</firstname></author>
		</authorgroup>
		<legalnotice>
			<para>© SpringSource Inc., 2012</para>
		</legalnotice>
	</bookinfo>

	<toc></toc>

	<part id="whats-new-part">
		<title>What's new?</title>
		<partintro id="spring-integration-intro">
			<para>
				For those who are already familiar with Spring Integration, this
				chapter
				provides a brief overview of the new features of version 2.2. If you are
				interested in the changes and features, that were introduced in
				earlier
				versions, please take a look at chapter:

				<xref linkend="history" />

			</para>
		</partintro>
		<xi:include href="./whats-new.xml" />
	</part>

	<part id="spring-integration-adapters">
		<title>Integration Adapters</title>
		<partintro id="spring-integration-adapters">
			<para>This section covers the various Channel Adapters and Messaging
				Gateways provided
				by Spring Integration to support Message-based communication with
				external systems.
			</para>
		</partintro>
		<xi:include href="./SIAdapterLowerPrefix.xml" />
	</part>
	<part id="spring-integration-appendices">
		<title>Appendices</title>
		<partintro id="spring-integration-adapters">
			<para>Advanced Topics and Additional Resources</para>
		</partintro>
		<xi:include href="./history.xml" />
	</part>
</book>
