<?xml version="1.0" encoding="UTF-8"?>
<appendix xmlns="http://docbook.org/ns/docbook" version="5.0" xml:id="resources"
    xmlns:xlink="http://www.w3.org/1999/xlink">
  <title>Additional Resources</title>

  <section id="resources-home">
    <title>Spring Integration Home</title>
    <para>
      The definitive source of information about Spring Integration is the
      <ulink url="https://spring.io/projects/spring-integration">Spring Integration Home</ulink> at
      <ulink url="https://spring.io/">https://spring.io/</ulink>. That site serves as a hub of
      information and is the best place to find up-to-date announcements about the project as well as links to
      articles, blogs, and new sample applications.
    </para>
  </section>

</appendix>
